Random Name,Random Number
John Smith,443
Andy Williams,114
Joe Johnson,390
Joe Johnson,370
Andy Smith,192
Andy Williams,97
Joe Smith,39
John Smith,32
Andy Johnson,27
John Smith,495
Joe Smith,39
Joe Smith,360
Andy Williams,75
John Smith,91
Andy Smith,416
Joe Johnson,149
John Johnson,121
Joe Williams,382
John Williams,43
Andy Johnson,327
Joe Smith,301
John Johnson,317
John Smith,249
Andy Johnson,339
Joe Johnson,497
John Smith,233
Andy Williams,14
Andy Williams,49
John Smith,253
John Williams,419
Andy Smith,61
Andy Smith,242
John Williams,341
John Smith,148
Andy Johnson,62
Joe Williams,52
Andy Johnson,25
Andy Smith,87
John Johnson,414
John Smith,119
John Johnson,199
Andy Smith,449
John Williams,282
Joe Williams,184
John Smith,256
